filename,sex,age
thumbnail000.png,F,Y
thumbnail001.png,F,Y
thumbnail002.png,F,Y
thumbnail003.png,M,Y
thumbnail005.png,M,M
thumbnail006.png,M,Y
thumbnail009.png,F,Y
thumbnail010.png,F,Y
thumbnail011.png,F,Y
thumbnail012.png,M,M
thumbnail013.png,M,M
thumbnail015.png,F,M
thumbnail016.png,F,Y
thumbnail018.png,M,M
thumbnail020.png,M,M
thumbnail021.png,F,M
thumbnail022.png,F,M
thumbnail023.png,F,M
thumbnail024.png,M,Y
thumbnail026.png,M,Y
thumbnail027.png,M,M
thumbnail028.png,M,M
thumbnail029.png,M,M
thumbnail030.png,M,M
thumbnail031.png,M,M
thumbnail032.png,M,M
thumbnail033.png,M,Y
thumbnail034.png,M,Y
thumbnail035.png,M,Y
thumbnail036.png,M,M
thumbnail037.png,M,M
thumbnail038.png,M,M
thumbnail039.png,F,O
thumbnail041.png,F,O
thumbnail042.png,F,M
thumbnail043.png,F,M
thumbnail044.png,F,M
thumbnail045.png,M,M
thumbnail046.png,M,Y
thumbnail047.png,M,Y
thumbnail048.png,M,Y
thumbnail049.png,M,Y
thumbnail051.png,M,O
thumbnail052.png,M,O
thumbnail053.png,M,O
thumbnail054.png,F,M
thumbnail055.png,F,M
thumbnail059.png,F,M
thumbnail060.png,F,Y
thumbnail061.png,F,Y
thumbnail062.png,F,Y
thumbnail063.png,F,M
thumbnail064.png,F,M
thumbnail065.png,F,M
thumbnail066.png,F,Y
thumbnail067.png,F,Y
thumbnail068.png,F,Y
thumbnail070.png,F,M
thumbnail071.png,F,M
thumbnail073.png,F,Y
thumbnail074.png,F,Y
thumbnail076.png,F,M
thumbnail077.png,F,M
thumbnail078.png,F,Y
thumbnail080.png,F,Y
thumbnail081.png,M,M
thumbnail082.png,M,M
thumbnail083.png,M,M
thumbnail084.png,M,M
thumbnail085.png,M,M
thumbnail086.png,M,M
thumbnail087.png,F,M
thumbnail088.png,F,M
thumbnail089.png,F,M
thumbnail090.png,F,M
thumbnail092.png,F,M
thumbnail094.png,F,Y
thumbnail095.png,F,Y
thumbnail096.png,F,M
thumbnail097.png,F,M
thumbnail098.png,F,M
thumbnail099.png,F,Y
thumbnail100.png,F,Y
thumbnail1000.png,F,Y
thumbnail1002.png,M,Y
thumbnail1003.png,M,Y
thumbnail1005.png,M,Y
thumbnail1006.png,M,Y
thumbnail1007.png,M,Y
thumbnail1008.png,M,O
thumbnail1009.png,M,O
thumbnail101.png,F,Y
thumbnail1010.png,M,O
thumbnail1011.png,M,Y
thumbnail1012.png,M,Y
thumbnail1013.png,M,Y
thumbnail1015.png,F,O
thumbnail1016.png,F,O
thumbnail1017.png,F,O
thumbnail1018.png,M,M
thumbnail1019.png,F,O
thumbnail102.png,M,M
thumbnail1020.png,F,O
thumbnail1021.png,M,Y
thumbnail1022.png,M,Y
thumbnail1024.png,M,Y
thumbnail1025.png,M,Y
thumbnail1026.png,M,Y
thumbnail1027.png,F,O
thumbnail1029.png,M,M
thumbnail1031.png,M,Y
thumbnail1033.png,M,Y
thumbnail1034.png,M,M
thumbnail1035.png,M,M
thumbnail1036.png,M,M
thumbnail1037.png,M,M
thumbnail1038.png,M,M
thumbnail1039.png,M,M
thumbnail104.png,M,M
thumbnail1040.png,F,M
thumbnail1041.png,F,M
thumbnail1042.png,F,M
thumbnail1043.png,F,M
thumbnail1044.png,M,M
thumbnail1045.png,M,M
thumbnail1046.png,M,M
thumbnail1047.png,F,Y
thumbnail1049.png,F,Y
thumbnail105.png,M,M
thumbnail1050.png,F,Y
thumbnail1051.png,F,M
thumbnail1052.png,F,Y
thumbnail1053.png,F,Y
thumbnail1057.png,F,M
thumbnail1058.png,F,M
thumbnail1059.png,F,M
thumbnail1060.png,F,Y
thumbnail1061.png,F,Y
thumbnail1062.png,F,M
thumbnail1064.png,F,Y
thumbnail1065.png,F,Y
thumbnail1066.png,F,Y
thumbnail1068.png,M,M
thumbnail1069.png,M,M
thumbnail107.png,M,M
thumbnail1070.png,M,M
thumbnail1071.png,M,M
thumbnail1073.png,M,M
thumbnail1074.png,M,M
thumbnail1075.png,M,M
thumbnail1076.png,M,M
thumbnail1078.png,M,Y
thumbnail108.png,M,M
thumbnail1080.png,F,Y
thumbnail1081.png,F,Y
thumbnail1082.png,F,Y
thumbnail1083.png,F,M
thumbnail1084.png,M,M
thumbnail1085.png,M,M
thumbnail1086.png,F,M
thumbnail1087.png,F,M
thumbnail1088.png,F,Y
thumbnail1089.png,F,M
thumbnail109.png,M,M
thumbnail1090.png,F,O
thumbnail1091.png,M,M
thumbnail1092.png,M,M
thumbnail1094.png,M,M
thumbnail1095.png,M,M
thumbnail1096.png,M,M
thumbnail1098.png,M,M
thumbnail1099.png,M,M
thumbnail110.png,M,M
thumbnail1100.png,M,M
thumbnail1101.png,M,M
thumbnail1102.png,M,M
thumbnail1103.png,M,M
thumbnail1104.png,F,M
thumbnail1105.png,F,M
thumbnail1106.png,F,M
thumbnail1107.png,M,M
thumbnail1108.png,M,M
thumbnail111.png,F,Y
thumbnail1111.png,F,Y
thumbnail1112.png,F,M
thumbnail1113.png,F,M
thumbnail1115.png,F,M
thumbnail1116.png,F,M
thumbnail1117.png,F,Y
thumbnail1118.png,M,M
thumbnail1119.png,F,M
thumbnail1120.png,F,M
thumbnail1121.png,F,O
thumbnail1122.png,F,O
thumbnail1126.png,F,O
thumbnail1127.png,M,M
thumbnail1128.png,M,M
thumbnail1129.png,M,M
thumbnail113.png,F,Y
thumbnail1130.png,M,M
thumbnail1131.png,F,M
thumbnail1132.png,F,M
thumbnail1133.png,F,M
thumbnail1134.png,M,M
thumbnail1136.png,M,M
thumbnail1137.png,M,M
thumbnail1138.png,M,M
thumbnail1139.png,F,M
thumbnail114.png,M,M
thumbnail1140.png,M,O
thumbnail1141.png,F,Y
thumbnail1142.png,F,M
thumbnail1143.png,F,M
thumbnail1145.png,F,Y
thumbnail1146.png,F,Y
thumbnail1148.png,F,Y
thumbnail1149.png,F,Y
thumbnail115.png,M,M
thumbnail1150.png,M,M
thumbnail1151.png,M,M
thumbnail1153.png,M,M
thumbnail1154.png,M,M
thumbnail1155.png,M,M
thumbnail1156.png,M,M
thumbnail1157.png,F,M
thumbnail1158.png,F,M
thumbnail1159.png,F,Y
thumbnail116.png,M,Y
thumbnail1160.png,F,Y
thumbnail1161.png,F,M
thumbnail1162.png,M,M
thumbnail1163.png,F,M
thumbnail1164.png,M,Y
thumbnail1165.png,M,Y
thumbnail1166.png,F,M
thumbnail1167.png,F,Y
thumbnail1168.png,M,M
thumbnail1169.png,M,M
thumbnail117.png,F,Y
thumbnail1170.png,F,Y
thumbnail1171.png,F,Y
thumbnail1172.png,M,M
thumbnail1173.png,F,Y
thumbnail1174.png,M,M
thumbnail1175.png,M,M
thumbnail1176.png,M,M
thumbnail1177.png,F,Y
thumbnail1178.png,F,Y
thumbnail1179.png,M,M
thumbnail118.png,F,Y
thumbnail1181.png,M,Y
thumbnail1182.png,M,Y
thumbnail1184.png,F,Y
thumbnail1185.png,F,Y
thumbnail1186.png,F,Y
thumbnail1187.png,,
thumbnail1189.png,M,M
thumbnail119.png,F,Y
thumbnail1190.png,F,Y
thumbnail1191.png,F,Y
thumbnail1192.png,M,M
thumbnail1193.png,M,M
thumbnail1195.png,M,M
thumbnail1196.png,F,Y
thumbnail1197.png,F,M
thumbnail1198.png,F,M
thumbnail120.png,M,Y
thumbnail1200.png,F,Y
thumbnail1201.png,F,Y
thumbnail1202.png,F,M
thumbnail1203.png,F,M
thumbnail1204.png,F,M
thumbnail1205.png,F,M
thumbnail1206.png,F,M
thumbnail1207.png,F,M
thumbnail1208.png,F,M
thumbnail1209.png,F,M
thumbnail121.png,M,Y
thumbnail1210.png,F,Y
thumbnail1211.png,F,Y
thumbnail1212.png,F,Y
thumbnail1213.png,F,Y
thumbnail1214.png,F,Y
thumbnail1215.png,F,Y
thumbnail1217.png,M,M
thumbnail1218.png,F,Y
thumbnail1219.png,M,M
thumbnail122.png,M,Y
thumbnail1220.png,F,M
thumbnail1221.png,F,M
thumbnail1222.png,M,M
thumbnail1223.png,M,M
thumbnail1224.png,M,M
thumbnail1225.png,M,M
thumbnail1226.png,M,M
thumbnail1227.png,M,M
thumbnail1228.png,F,Y
thumbnail1229.png,F,Y
thumbnail123.png,F,Y
thumbnail1230.png,F,M
thumbnail1232.png,M,M
thumbnail1233.png,M,Y
thumbnail1234.png,M,Y
thumbnail1235.png,F,Y
thumbnail1236.png,F,M
thumbnail1237.png,M,M
thumbnail1238.png,M,M
thumbnail1241.png,F,Y
thumbnail1242.png,F,Y
thumbnail1243.png,F,Y
thumbnail1244.png,F,Y
thumbnail1246.png,F,Y
thumbnail1247.png,F,Y
thumbnail1248.png,M,M
thumbnail125.png,F,Y
thumbnail1250.png,M,Y
thumbnail1251.png,M,M
thumbnail1252.png,M,Y
thumbnail1253.png,F,Y
thumbnail1254.png,F,Y
thumbnail1255.png,F,Y
thumbnail1257.png,M,Y
thumbnail1259.png,F,Y
thumbnail126.png,F,M
thumbnail1260.png,F,M
thumbnail1261.png,F,M
thumbnail1262.png,M,M
thumbnail1263.png,F,Y
thumbnail1264.png,F,Y
thumbnail1265.png,F,M
thumbnail1266.png,F,Y
thumbnail1267.png,F,Y
thumbnail1269.png,F,M
thumbnail127.png,F,M
thumbnail1270.png,F,M
thumbnail1271.png,F,M
thumbnail1272.png,F,M
thumbnail1273.png,M,M
thumbnail1274.png,F,M
thumbnail1275.png,F,Y
thumbnail1276.png,F,Y
thumbnail1277.png,F,Y
thumbnail1278.png,F,M
thumbnail1279.png,F,Y
thumbnail128.png,F,Y
thumbnail1280.png,F,Y
thumbnail1281.png,M,O
thumbnail1283.png,F,Y
thumbnail1284.png,F,Y
thumbnail1285.png,F,Y
thumbnail1287.png,F,Y
thumbnail1288.png,F,M
thumbnail1290.png,F,M
thumbnail1291.png,F,Y
thumbnail1292.png,F,Y
thumbnail1293.png,F,Y
thumbnail1294.png,F,Y
thumbnail1296.png,F,Y
thumbnail1297.png,F,M
thumbnail1299.png,F,Y
thumbnail1300.png,M,M
thumbnail1302.png,M,M
thumbnail1303.png,M,M
thumbnail1304.png,F,Y
thumbnail1305.png,F,M
thumbnail1306.png,F,Y
thumbnail1307.png,F,M
thumbnail1308.png,F,M
thumbnail1309.png,F,M
thumbnail131.png,M,M
thumbnail1310.png,F,M
thumbnail1311.png,F,O
thumbnail1313.png,M,M
thumbnail1314.png,M,M
thumbnail1316.png,F,M
thumbnail1319.png,M,M
thumbnail132.png,M,M
thumbnail1320.png,M,M
thumbnail1321.png,M,M
thumbnail1322.png,M,M
thumbnail1323.png,M,M
thumbnail1324.png,M,M
thumbnail1325.png,M,M
thumbnail1326.png,M,M
thumbnail1327.png,F,M
thumbnail1328.png,M,M
thumbnail1329.png,F,M
thumbnail133.png,M,M
thumbnail1330.png,F,M
thumbnail1331.png,F,Y
thumbnail1332.png,M,M
thumbnail1334.png,M,M
thumbnail1335.png,M,O
thumbnail1337.png,M,O
thumbnail1338.png,M,M
thumbnail1339.png,M,M
thumbnail134.png,M,M
thumbnail1340.png,M,M
thumbnail1341.png,M,M
thumbnail1343.png,F,M
thumbnail1346.png,F,M
thumbnail1347.png,F,M
thumbnail1348.png,F,M
thumbnail1349.png,M,M
thumbnail1350.png,F,M
thumbnail1351.png,F,Y
thumbnail1352.png,M,O
thumbnail1353.png,M,M
thumbnail1354.png,F,M
thumbnail1355.png,F,M
thumbnail1357.png,M,M
thumbnail1358.png,M,O
thumbnail1359.png,F,M
thumbnail136.png,M,M
thumbnail1360.png,F,M
thumbnail1361.png,M,O
thumbnail1362.png,M,M
thumbnail1363.png,F,O
thumbnail1364.png,F,O
thumbnail1367.png,M,O
thumbnail1368.png,M,O
thumbnail1369.png,F,M
thumbnail137.png,M,O
thumbnail1370.png,F,M
thumbnail1371.png,F,M
thumbnail1372.png,F,M
thumbnail1373.png,M,M
thumbnail1374.png,M,M
thumbnail1375.png,M,M
thumbnail1376.png,F,M
thumbnail1377.png,F,M
thumbnail1378.png,F,M
thumbnail1379.png,F,M
thumbnail138.png,F,Y
thumbnail1380.png,F,Y
thumbnail1381.png,F,Y
thumbnail1382.png,M,O
thumbnail1383.png,F,M
thumbnail1384.png,M,O
thumbnail1385.png,M,O
thumbnail1386.png,F,M
thumbnail1387.png,F,Y
thumbnail1388.png,F,M
thumbnail1389.png,M,O
thumbnail139.png,F,Y
thumbnail1390.png,M,O
thumbnail1391.png,M,O
thumbnail1392.png,F,O
thumbnail1393.png,F,O
thumbnail1394.png,F,M
thumbnail1395.png,F,O
thumbnail1396.png,F,O
thumbnail1397.png,F,O
thumbnail1398.png,F,O
thumbnail1399.png,F,O
thumbnail140.png,F,Y
thumbnail1400.png,F,O
thumbnail1401.png,F,O
thumbnail1402.png,M,M
thumbnail1403.png,M,M
thumbnail1404.png,M,M
thumbnail1405.png,M,Y
thumbnail1406.png,F,M
thumbnail1407.png,F,M
thumbnail1408.png,F,M
thumbnail1409.png,M,M
thumbnail1410.png,M,M
thumbnail1411.png,M,M
thumbnail1412.png,M,M
thumbnail1413.png,M,M
thumbnail1414.png,M,M
thumbnail1415.png,M,M
thumbnail1416.png,M,Y
thumbnail1417.png,M,M
thumbnail1418.png,M,M
thumbnail1419.png,M,M
thumbnail142.png,,
thumbnail1420.png,M,M
thumbnail1421.png,M,M
thumbnail1422.png,M,Y
thumbnail1423.png,M,Y
thumbnail1424.png,M,Y
thumbnail1425.png,F,Y
thumbnail1426.png,F,Y
thumbnail1427.png,M,Y
thumbnail1428.png,F,Y
thumbnail1429.png,F,M
thumbnail143.png,F,Y
thumbnail1430.png,F,M
thumbnail1431.png,F,M
thumbnail1432.png,F,M
thumbnail1433.png,F,M
thumbnail1434.png,F,M
thumbnail1435.png,M,Y
thumbnail1436.png,M,Y
thumbnail1437.png,M,Y
thumbnail1438.png,M,Y
thumbnail1439.png,M,Y
thumbnail144.png,M,M
thumbnail1440.png,M,Y
thumbnail1441.png,M,Y
thumbnail1442.png,M,Y
thumbnail1443.png,M,Y
thumbnail1444.png,M,Y
thumbnail1445.png,M,O
thumbnail1446.png,M,O
thumbnail1447.png,M,O
thumbnail1448.png,F,M
thumbnail1449.png,M,Y
thumbnail145.png,M,M
thumbnail1450.png,F,M
thumbnail1451.png,F,M
thumbnail1452.png,M,M
thumbnail1453.png,M,M
thumbnail1454.png,M,M
thumbnail1455.png,,
thumbnail1456.png,M,O
thumbnail1457.png,M,O
thumbnail1458.png,F,M
thumbnail1459.png,F,M
thumbnail146.png,M,M
thumbnail1460.png,M,M
thumbnail1461.png,F,M
thumbnail1462.png,M,M
thumbnail1463.png,F,M
thumbnail1464.png,F,M
thumbnail1465.png,F,M
thumbnail1466.png,F,M
thumbnail1467.png,F,M
thumbnail1468.png,F,M
thumbnail1469.png,F,M
thumbnail147.png,M,M
thumbnail1470.png,F,M
thumbnail1471.png,F,M
thumbnail1472.png,M,Y
thumbnail1473.png,F,M
thumbnail1474.png,F,M
thumbnail1475.png,F,Y
thumbnail1476.png,F,Y
thumbnail1477.png,F,Y
thumbnail1478.png,F,Y
thumbnail1479.png,F,M
thumbnail148.png,M,O
thumbnail1480.png,F,M
thumbnail1481.png,F,M
thumbnail1482.png,F,M
thumbnail1483.png,M,M
thumbnail1484.png,F,M
thumbnail1485.png,F,M
thumbnail1486.png,F,M
thumbnail1487.png,F,M
thumbnail1488.png,F,M
thumbnail1489.png,F,Y
thumbnail149.png,M,O
thumbnail1490.png,F,Y
thumbnail1491.png,F,Y
thumbnail1492.png,M,M
thumbnail1493.png,M,M
thumbnail1494.png,M,Y
thumbnail1495.png,M,M
thumbnail1496.png,F,M
thumbnail1497.png,F,M
thumbnail1498.png,F,M
thumbnail1499.png,F,M
thumbnail150.png,F,Y
thumbnail1500.png,F,M
thumbnail1501.png,F,M
thumbnail1502.png,F,M
thumbnail1503.png,F,M
thumbnail1504.png,F,M
thumbnail1505.png,M,Y
thumbnail1506.png,M,Y
thumbnail1507.png,M,Y
thumbnail1508.png,M,Y
thumbnail1509.png,F,Y
thumbnail151.png,F,M
thumbnail1510.png,F,Y
thumbnail1511.png,F,M
thumbnail1512.png,F,M
thumbnail1513.png,F,M
thumbnail1514.png,F,M
thumbnail1515.png,F,M
thumbnail1516.png,M,Y
thumbnail1517.png,F,M
thumbnail1518.png,F,Y
thumbnail1519.png,M,M
thumbnail152.png,F,M
thumbnail1520.png,M,M
thumbnail1521.png,M,M
thumbnail1522.png,M,Y
thumbnail1523.png,M,Y
thumbnail1524.png,M,Y
thumbnail1525.png,M,Y
thumbnail1526.png,M,Y
thumbnail1527.png,M,Y
thumbnail1528.png,M,Y
thumbnail1529.png,F,M
thumbnail153.png,F,O
thumbnail1530.png,F,M
thumbnail1531.png,F,M
thumbnail1532.png,M,Y
thumbnail1533.png,M,Y
thumbnail1534.png,M,Y
thumbnail1535.png,F,Y
thumbnail1536.png,F,Y
thumbnail1537.png,F,Y
thumbnail1538.png,M,Y
thumbnail1539.png,M,Y
thumbnail1540.png,M,Y
thumbnail1541.png,M,Y
thumbnail1542.png,M,Y
thumbnail1543.png,M,Y
thumbnail1544.png,M,Y
thumbnail1545.png,M,M
thumbnail1546.png,M,M
thumbnail1547.png,M,M
thumbnail1548.png,M,M
thumbnail1549.png,M,Y
thumbnail1550.png,M,M
thumbnail1551.png,M,M
thumbnail1552.png,F,Y
thumbnail1553.png,F,M
thumbnail1554.png,F,M
thumbnail1555.png,M,M
thumbnail1556.png,M,M
thumbnail1557.png,M,M
thumbnail1558.png,F,Y
thumbnail1559.png,F,Y
thumbnail156.png,M,M
thumbnail1560.png,M,M
thumbnail1561.png,F,M
thumbnail1562.png,F,M
thumbnail1563.png,F,M
thumbnail1564.png,F,M
thumbnail1565.png,F,M
thumbnail1566.png,F,M
thumbnail1567.png,F,M
thumbnail1568.png,M,M
thumbnail1569.png,M,M
thumbnail1570.png,M,M
thumbnail1571.png,F,O
thumbnail1572.png,M,M
thumbnail1573.png,M,M
thumbnail1574.png,M,M
thumbnail1575.png,M,Y
thumbnail1576.png,M,Y
thumbnail1577.png,M,Y
thumbnail1578.png,M,M
thumbnail1579.png,M,M
thumbnail1580.png,M,M
thumbnail1581.png,M,Y
thumbnail1582.png,M,Y
thumbnail1583.png,F,O
thumbnail1584.png,M,Y
thumbnail1585.png,M,M
thumbnail1586.png,F,M
thumbnail1587.png,F,M
thumbnail1588.png,F,M
thumbnail1589.png,M,Y
thumbnail159.png,F,O
thumbnail1590.png,M,M
thumbnail1591.png,M,M
thumbnail1592.png,F,M
thumbnail1593.png,F,M
thumbnail1594.png,F,O
thumbnail1595.png,F,O
thumbnail1596.png,F,M
thumbnail1597.png,F,M
thumbnail1598.png,F,M
thumbnail1599.png,F,M
thumbnail160.png,F,O
thumbnail1600.png,F,M
thumbnail1601.png,F,M
thumbnail1602.png,F,M
thumbnail1603.png,F,Y
thumbnail1604.png,F,Y
thumbnail1605.png,F,Y
thumbnail1606.png,F,M
thumbnail1607.png,F,M
thumbnail1608.png,F,M
thumbnail1609.png,M,M
thumbnail161.png,M,O
thumbnail1610.png,M,M
thumbnail1611.png,M,M
thumbnail1612.png,M,M
thumbnail1613.png,M,M
thumbnail1614.png,M,M
thumbnail1615.png,M,O
thumbnail1616.png,F,Y
thumbnail1617.png,F,O
thumbnail1618.png,F,O
thumbnail1619.png,M,O
thumbnail162.png,M,M
thumbnail1620.png,M,O
thumbnail1621.png,M,O
thumbnail1622.png,M,M
thumbnail1623.png,M,M
thumbnail1624.png,M,M
thumbnail1625.png,M,Y
thumbnail1626.png,M,Y
thumbnail1627.png,F,M
thumbnail1628.png,M,Y
thumbnail1629.png,M,Y
thumbnail163.png,M,M
thumbnail1630.png,M,M
thumbnail1631.png,M,Y
thumbnail1632.png,F,M
thumbnail1633.png,F,M
thumbnail1634.png,F,O
thumbnail1635.png,M,Y
thumbnail1636.png,M,Y
thumbnail1637.png,M,Y
thumbnail1638.png,M,M
thumbnail1639.png,M,M
thumbnail164.png,M,M
thumbnail1640.png,M,M
thumbnail1641.png,M,M
thumbnail1642.png,M,M
thumbnail1643.png,M,Y
thumbnail1644.png,M,Y
thumbnail1645.png,M,M
thumbnail1646.png,M,O
thumbnail1647.png,M,O
thumbnail1648.png,F,O
thumbnail1649.png,M,M
thumbnail165.png,M,M
thumbnail1650.png,F,O
thumbnail1651.png,F,O
thumbnail1652.png,M,Y
thumbnail1653.png,M,Y
thumbnail1654.png,M,Y
thumbnail1655.png,M,Y
thumbnail1656.png,M,M
thumbnail1657.png,M,M
thumbnail1658.png,F,M
thumbnail1659.png,F,M
thumbnail166.png,M,M
thumbnail1660.png,M,M
thumbnail1661.png,F,M
thumbnail1662.png,F,Y
thumbnail1663.png,F,Y
thumbnail1664.png,F,Y
thumbnail1665.png,M,M
thumbnail1666.png,M,M
thumbnail1667.png,M,M
thumbnail1668.png,M,Y
thumbnail1669.png,M,Y
thumbnail167.png,M,M
thumbnail1670.png,M,Y
thumbnail1671.png,M,M
thumbnail1672.png,M,O
thumbnail1673.png,M,O
thumbnail1674.png,M,O
thumbnail1675.png,M,Y
thumbnail1676.png,M,Y
thumbnail1677.png,M,Y
thumbnail1678.png,F,O
thumbnail1679.png,F,O
thumbnail168.png,M,M
thumbnail1680.png,F,O
thumbnail1681.png,F,O
thumbnail1682.png,M,Y
thumbnail1683.png,F,O
thumbnail1684.png,F,O
thumbnail1685.png,M,M
thumbnail1686.png,M,M
thumbnail1687.png,M,Y
thumbnail1688.png,M,M
thumbnail1689.png,M,M
thumbnail169.png,M,O
thumbnail1690.png,M,M
thumbnail1691.png,F,O
thumbnail1692.png,F,O
thumbnail1693.png,M,M
thumbnail1694.png,M,M
thumbnail1695.png,F,O
thumbnail1696.png,M,M
thumbnail1697.png,M,Y
thumbnail1698.png,M,Y
thumbnail1699.png,M,M
thumbnail1700.png,M,M
thumbnail1701.png,M,M
thumbnail1702.png,M,M
thumbnail1703.png,M,O
thumbnail1704.png,M,O
thumbnail1705.png,M,O
thumbnail1706.png,F,O
thumbnail1707.png,F,O
thumbnail1708.png,F,O
thumbnail1709.png,M,O
thumbnail171.png,F,Y
thumbnail1710.png,M,O
thumbnail1711.png,M,O
thumbnail1712.png,F,Y
thumbnail1713.png,F,Y
thumbnail1714.png,F,Y
thumbnail1715.png,F,Y
thumbnail1716.png,M,O
thumbnail1717.png,F,Y
thumbnail1718.png,F,Y
thumbnail1719.png,F,Y
thumbnail1720.png,F,M
thumbnail1721.png,F,O
thumbnail1722.png,F,M
thumbnail1723.png,F,M
thumbnail1724.png,F,M
thumbnail1725.png,F,M
thumbnail1726.png,F,Y
thumbnail1727.png,M,O
thumbnail1728.png,F,M
thumbnail1729.png,F,M
thumbnail173.png,F,Y
thumbnail1730.png,F,Y
thumbnail1731.png,F,Y
thumbnail1732.png,M,M
thumbnail1733.png,M,M
thumbnail1734.png,M,M
thumbnail1735.png,M,M
thumbnail1736.png,M,M
thumbnail1737.png,M,M
thumbnail1738.png,F,M
thumbnail1739.png,F,M
thumbnail174.png,M,M
thumbnail1740.png,M,M
thumbnail1741.png,M,M
thumbnail1742.png,M,M
thumbnail1743.png,M,M
thumbnail1744.png,M,M
thumbnail1745.png,F,M
thumbnail1746.png,F,M
thumbnail1747.png,F,M
thumbnail1748.png,F,M
thumbnail1749.png,F,M
thumbnail175.png,M,M
thumbnail1750.png,F,M
thumbnail1751.png,F,M
thumbnail1752.png,F,M
thumbnail1753.png,F,M
thumbnail1754.png,F,M
thumbnail1755.png,M,M
thumbnail1756.png,M,M
thumbnail1757.png,M,M
thumbnail1758.png,M,M
thumbnail1759.png,M,O
thumbnail176.png,M,M
thumbnail1760.png,F,M
thumbnail1761.png,M,M
thumbnail1762.png,M,M
thumbnail1763.png,M,M
thumbnail1764.png,M,M
thumbnail1765.png,M,M
thumbnail1766.png,M,M
thumbnail1767.png,M,M
thumbnail1768.png,F,M
thumbnail1769.png,F,M
thumbnail177.png,M,O
thumbnail1770.png,F,M
thumbnail1771.png,F,O
thumbnail1772.png,M,M
thumbnail1773.png,M,M
thumbnail1774.png,M,M
thumbnail1775.png,F,M
thumbnail1776.png,F,M
thumbnail1777.png,F,M
thumbnail1778.png,F,M
thumbnail1779.png,F,M
thumbnail1780.png,F,M
thumbnail1781.png,F,M
thumbnail1782.png,F,M
thumbnail1783.png,F,M
thumbnail1784.png,F,M
thumbnail1785.png,F,O
thumbnail1786.png,F,O
thumbnail1787.png,F,O
thumbnail1788.png,F,M
thumbnail1789.png,F,M
thumbnail179.png,M,M
thumbnail1790.png,F,O
thumbnail1791.png,F,M
thumbnail1792.png,F,M
thumbnail1793.png,F,M
thumbnail1794.png,M,M
thumbnail1795.png,F,M
thumbnail1796.png,F,M
thumbnail1797.png,F,M
thumbnail1798.png,M,M
thumbnail1799.png,M,M
thumbnail1800.png,M,M
thumbnail1801.png,F,M
thumbnail1802.png,F,M
thumbnail1803.png,F,Y
thumbnail1804.png,M,M
thumbnail1805.png,F,Y
thumbnail1806.png,F,M
thumbnail1807.png,F,M
thumbnail1808.png,F,M
thumbnail1809.png,F,Y
thumbnail181.png,M,M
thumbnail1810.png,F,Y
thumbnail1811.png,F,Y
thumbnail1812.png,F,Y
thumbnail1813.png,F,Y
thumbnail1814.png,F,M
thumbnail1815.png,M,M
thumbnail1816.png,F,M
thumbnail1817.png,M,M
thumbnail1818.png,M,M
thumbnail1819.png,M,M
thumbnail182.png,M,M
thumbnail1820.png,M,M
thumbnail1821.png,M,M
thumbnail1822.png,F,M
thumbnail1823.png,F,M
thumbnail1824.png,F,Y
thumbnail1825.png,F,Y
thumbnail1826.png,F,Y
thumbnail1827.png,F,M
thumbnail1828.png,F,M
thumbnail1829.png,M,Y
thumbnail183.png,M,M
thumbnail1830.png,M,Y
thumbnail1831.png,F,M
thumbnail1832.png,F,M
thumbnail1833.png,M,M
thumbnail1834.png,M,M
thumbnail1835.png,F,Y
thumbnail1836.png,F,Y
thumbnail1837.png,M,M
thumbnail1838.png,F,M
thumbnail1839.png,M,M
thumbnail184.png,F,M
thumbnail1840.png,M,M
thumbnail1841.png,M,M
thumbnail1842.png,F,Y
thumbnail1843.png,F,Y
thumbnail1844.png,M,M
thumbnail1845.png,M,M
thumbnail1846.png,M,M
thumbnail1847.png,M,M
thumbnail1848.png,F,M
thumbnail1849.png,F,O
thumbnail185.png,F,M
thumbnail1850.png,F,Y
thumbnail1851.png,F,M
thumbnail1852.png,F,M
thumbnail1853.png,M,Y
thumbnail1854.png,M,Y
thumbnail1855.png,F,Y
thumbnail1856.png,F,Y
thumbnail1857.png,M,M
thumbnail1858.png,M,M
thumbnail1859.png,F,Y
thumbnail186.png,F,M
thumbnail1860.png,F,O
thumbnail1861.png,F,M
thumbnail1862.png,F,O
thumbnail1863.png,F,O
thumbnail1864.png,F,M
thumbnail1865.png,F,M
thumbnail1866.png,F,Y
thumbnail1867.png,F,M
thumbnail1868.png,F,M
thumbnail1869.png,F,M
thumbnail1870.png,F,M
thumbnail1871.png,F,M
thumbnail1872.png,F,M
thumbnail1873.png,F,M
thumbnail1874.png,F,M
thumbnail1875.png,F,Y
thumbnail1876.png,F,Y
thumbnail1877.png,F,Y
thumbnail1878.png,F,M
thumbnail1879.png,F,M
thumbnail188.png,F,M
thumbnail1880.png,F,M
thumbnail1881.png,M,M
thumbnail1882.png,F,Y
thumbnail1883.png,M,M
thumbnail1884.png,F,O
thumbnail1885.png,F,O
thumbnail1886.png,M,M
thumbnail1887.png,M,M
thumbnail1888.png,M,M
thumbnail1889.png,M,M
thumbnail189.png,F,M
thumbnail1890.png,M,M
thumbnail1891.png,M,M
thumbnail1892.png,F,M
thumbnail1893.png,F,Y
thumbnail1894.png,F,Y
thumbnail1895.png,M,M
thumbnail1896.png,M,M
thumbnail1897.png,M,Y
thumbnail1898.png,M,Y
thumbnail1899.png,F,M
thumbnail190.png,F,Y
thumbnail1900.png,F,M
thumbnail1901.png,M,M
thumbnail1902.png,M,M
thumbnail1903.png,,
thumbnail1904.png,,
thumbnail1905.png,,
thumbnail1906.png,,
thumbnail1907.png,,
thumbnail1908.png,,
thumbnail1909.png,,
thumbnail191.png,,
thumbnail1910.png,,
thumbnail1911.png,,
thumbnail1912.png,,
thumbnail1913.png,,
thumbnail1914.png,,
thumbnail1915.png,,
thumbnail1916.png,,
thumbnail1917.png,,
thumbnail1918.png,,
thumbnail1919.png,,
thumbnail192.png,,
thumbnail1920.png,,
thumbnail1921.png,,
thumbnail1922.png,,
thumbnail1923.png,,
thumbnail1924.png,,
thumbnail1925.png,,
thumbnail1926.png,,
thumbnail1927.png,,
thumbnail1928.png,,
thumbnail1929.png,,
thumbnail193.png,,
thumbnail1930.png,,
thumbnail1931.png,,
thumbnail1932.png,,
thumbnail1933.png,,
thumbnail1934.png,,
thumbnail1935.png,,
thumbnail1936.png,,
thumbnail1937.png,,
thumbnail1938.png,,
thumbnail1939.png,,
thumbnail194.png,,
thumbnail1940.png,,
thumbnail1941.png,,
thumbnail1942.png,,
thumbnail1943.png,,
thumbnail1944.png,,
thumbnail1945.png,,
thumbnail1946.png,,
thumbnail1947.png,,
thumbnail1948.png,,
thumbnail1949.png,,
thumbnail195.png,,
thumbnail1950.png,,
thumbnail1951.png,,
thumbnail1952.png,,
thumbnail1953.png,,
thumbnail1954.png,,
thumbnail1955.png,,
thumbnail1956.png,,
thumbnail1957.png,,
thumbnail1958.png,,
thumbnail1959.png,,
thumbnail196.png,,
thumbnail1960.png,,
thumbnail1961.png,,
thumbnail1962.png,,
thumbnail1963.png,,
thumbnail1964.png,,
thumbnail1965.png,,
thumbnail1966.png,,
thumbnail1967.png,,
thumbnail1968.png,,
thumbnail1969.png,,
thumbnail197.png,,
thumbnail1970.png,,
thumbnail1971.png,,
thumbnail1972.png,,
thumbnail1973.png,,
thumbnail1974.png,,
thumbnail1975.png,,
thumbnail1976.png,,
thumbnail1977.png,,
thumbnail1978.png,,
thumbnail1979.png,,
thumbnail198.png,,
thumbnail1980.png,,
thumbnail1981.png,,
thumbnail1982.png,,
thumbnail1983.png,,
thumbnail1984.png,,
thumbnail1985.png,,
thumbnail1986.png,,
thumbnail1987.png,,
thumbnail1988.png,,
thumbnail1989.png,,
thumbnail1990.png,,
thumbnail1991.png,,
thumbnail1992.png,,
thumbnail1993.png,,
thumbnail1994.png,,
thumbnail1995.png,,
thumbnail1996.png,,
thumbnail1997.png,,
thumbnail1998.png,,
thumbnail1999.png,,
thumbnail200.png,,
thumbnail2000.png,,
thumbnail2001.png,,
thumbnail2002.png,,
thumbnail2003.png,,
thumbnail2004.png,,
thumbnail2005.png,,
thumbnail2006.png,,
thumbnail2007.png,,
thumbnail2008.png,,
thumbnail2009.png,,
thumbnail201.png,,
thumbnail2010.png,,
thumbnail2011.png,,
thumbnail2012.png,,
thumbnail2013.png,,
thumbnail2014.png,,
thumbnail2015.png,,
thumbnail2016.png,,
thumbnail2017.png,,
thumbnail2018.png,,
thumbnail2019.png,,
thumbnail202.png,,
thumbnail2020.png,,
thumbnail2021.png,,
thumbnail2022.png,,
thumbnail2023.png,,
thumbnail2024.png,,
thumbnail2025.png,,
thumbnail2026.png,,
thumbnail2027.png,,
thumbnail2028.png,,
thumbnail2029.png,,
thumbnail203.png,,
thumbnail2030.png,,
thumbnail2031.png,,
thumbnail2032.png,,
thumbnail2033.png,,
thumbnail2034.png,,
thumbnail2035.png,,
thumbnail2036.png,,
thumbnail2037.png,,
thumbnail2038.png,,
thumbnail2039.png,,
thumbnail204.png,,
thumbnail2040.png,,
thumbnail2041.png,,
thumbnail2042.png,,
thumbnail2043.png,,
thumbnail2044.png,,
thumbnail2045.png,,
thumbnail2046.png,,
thumbnail2047.png,,
thumbnail2048.png,,
thumbnail2049.png,,
thumbnail205.png,,
thumbnail2050.png,,
thumbnail2051.png,,
thumbnail2052.png,,
thumbnail2053.png,,
thumbnail2054.png,,
thumbnail2055.png,,
thumbnail2056.png,,
thumbnail2057.png,,
thumbnail2058.png,,
thumbnail2059.png,,
thumbnail206.png,,
thumbnail2060.png,,
thumbnail2061.png,,
thumbnail2062.png,,
thumbnail2063.png,,
thumbnail2064.png,,
thumbnail2065.png,,
thumbnail2066.png,,
thumbnail2067.png,,
thumbnail2068.png,,
thumbnail2069.png,,
thumbnail207.png,,
thumbnail2070.png,,
thumbnail2071.png,,
thumbnail2072.png,,
thumbnail2073.png,,
thumbnail2074.png,,
thumbnail2075.png,,
thumbnail2076.png,,
thumbnail2077.png,,
thumbnail2078.png,,
thumbnail2079.png,,
thumbnail2080.png,,
thumbnail2081.png,,
thumbnail2082.png,,
thumbnail2083.png,,
thumbnail2084.png,,
thumbnail2085.png,,
thumbnail2086.png,,
thumbnail2087.png,,
thumbnail2088.png,,
thumbnail2089.png,,
thumbnail209.png,,
thumbnail2090.png,,
thumbnail2091.png,,
thumbnail2092.png,,
thumbnail2093.png,,
thumbnail2094.png,,
thumbnail2095.png,,
thumbnail2096.png,,
thumbnail2097.png,,
thumbnail2098.png,,
thumbnail2099.png,,
thumbnail210.png,,
thumbnail2100.png,,
thumbnail2101.png,,
thumbnail2102.png,,
thumbnail2103.png,,
thumbnail2104.png,,
thumbnail2105.png,,
thumbnail2106.png,,
thumbnail2107.png,,
thumbnail2108.png,,
thumbnail2109.png,,
thumbnail211.png,,
thumbnail2110.png,,
thumbnail2111.png,,
thumbnail2112.png,,
thumbnail2113.png,,
thumbnail2114.png,,
thumbnail2115.png,,
thumbnail2116.png,,
thumbnail2117.png,,
thumbnail2118.png,,
thumbnail2119.png,,
thumbnail212.png,,
thumbnail2120.png,,
thumbnail2121.png,,
thumbnail2122.png,,
thumbnail2123.png,,
thumbnail2124.png,,
thumbnail2125.png,,
thumbnail2126.png,,
thumbnail2127.png,,
thumbnail2128.png,,
thumbnail2129.png,,
thumbnail213.png,,
thumbnail2130.png,,
thumbnail2131.png,,
thumbnail2132.png,,
thumbnail2133.png,,
thumbnail2134.png,,
thumbnail2135.png,,
thumbnail2136.png,,
thumbnail2137.png,,
thumbnail2138.png,,
thumbnail2139.png,,
thumbnail214.png,,
thumbnail2140.png,,
thumbnail2141.png,,
thumbnail2142.png,,
thumbnail2143.png,,
thumbnail2144.png,,
thumbnail2145.png,,
thumbnail2146.png,,
thumbnail2147.png,,
thumbnail2148.png,,
thumbnail2149.png,,
thumbnail215.png,,
thumbnail2150.png,,
thumbnail2151.png,,
thumbnail2152.png,,
thumbnail2153.png,,
thumbnail2154.png,,
thumbnail2155.png,,
thumbnail2156.png,,
thumbnail2157.png,,
thumbnail2158.png,,
thumbnail2159.png,,
thumbnail216.png,,
thumbnail2160.png,,
thumbnail2161.png,,
thumbnail2162.png,,
thumbnail2163.png,,
thumbnail2164.png,,
thumbnail2165.png,,
thumbnail2166.png,,
thumbnail2167.png,,
thumbnail2168.png,,
thumbnail2169.png,,
thumbnail217.png,,
thumbnail2170.png,,
thumbnail2171.png,,
thumbnail2172.png,,
thumbnail2173.png,,
thumbnail2174.png,,
thumbnail2175.png,,
thumbnail2176.png,,
thumbnail2177.png,,
thumbnail2178.png,,
thumbnail2179.png,,
thumbnail218.png,,
thumbnail2180.png,,
thumbnail2181.png,,
thumbnail2182.png,,
thumbnail2183.png,,
thumbnail2184.png,,
thumbnail2185.png,,
thumbnail2186.png,,
thumbnail2187.png,,
thumbnail2188.png,,
thumbnail2189.png,,
thumbnail219.png,,
thumbnail2190.png,,
thumbnail2191.png,,
thumbnail2192.png,,
thumbnail2193.png,,
thumbnail2194.png,,
thumbnail2195.png,,
thumbnail2196.png,,
thumbnail2197.png,,
thumbnail2198.png,,
thumbnail2199.png,,
thumbnail220.png,,
thumbnail2200.png,,
thumbnail2201.png,,
thumbnail2202.png,,
thumbnail2203.png,,
thumbnail2204.png,,
thumbnail2205.png,,
thumbnail2206.png,,
thumbnail2207.png,,
thumbnail2208.png,,
thumbnail2209.png,,
thumbnail221.png,,
thumbnail2210.png,,
thumbnail2211.png,,
thumbnail2212.png,,
thumbnail2213.png,,
thumbnail2214.png,,
thumbnail2215.png,,
thumbnail2216.png,,
thumbnail2217.png,,
thumbnail2218.png,,
thumbnail2219.png,,
thumbnail222.png,,
thumbnail2220.png,,
thumbnail2221.png,,
thumbnail2222.png,,
thumbnail2223.png,,
thumbnail2224.png,,
thumbnail2225.png,,
thumbnail2226.png,,
thumbnail2227.png,,
thumbnail2228.png,,
thumbnail2229.png,,
thumbnail223.png,,
thumbnail2230.png,,
thumbnail2231.png,,
thumbnail2232.png,,
thumbnail2233.png,,
thumbnail2234.png,,
thumbnail2235.png,,
thumbnail2236.png,,
thumbnail2237.png,,
thumbnail2238.png,,
thumbnail2239.png,,
thumbnail2240.png,,
thumbnail2241.png,,
thumbnail2242.png,,
thumbnail2243.png,,
thumbnail2244.png,,
thumbnail2245.png,,
thumbnail2246.png,,
thumbnail2247.png,,
thumbnail2248.png,,
thumbnail225.png,,
thumbnail227.png,,
thumbnail228.png,,
thumbnail229.png,,
thumbnail231.png,,
thumbnail234.png,,
thumbnail235.png,,
thumbnail236.png,,
thumbnail237.png,,
thumbnail238.png,,
thumbnail239.png,,
thumbnail240.png,,
thumbnail241.png,,
thumbnail243.png,,
thumbnail244.png,,
thumbnail245.png,,
thumbnail246.png,,
thumbnail248.png,,
thumbnail249.png,,
thumbnail250.png,,
thumbnail251.png,,
thumbnail253.png,,
thumbnail254.png,,
thumbnail255.png,,
thumbnail258.png,,
thumbnail259.png,,
thumbnail260.png,,
thumbnail261.png,,
thumbnail262.png,,
thumbnail263.png,,
thumbnail264.png,,
thumbnail265.png,,
thumbnail266.png,,
thumbnail268.png,,
thumbnail269.png,,
thumbnail270.png,,
thumbnail271.png,,
thumbnail272.png,,
thumbnail273.png,,
thumbnail274.png,,
thumbnail275.png,,
thumbnail276.png,,
thumbnail277.png,,
thumbnail278.png,,
thumbnail279.png,,
thumbnail281.png,,
thumbnail282.png,,
thumbnail283.png,,
thumbnail284.png,,
thumbnail285.png,,
thumbnail286.png,,
thumbnail287.png,,
thumbnail288.png,,
thumbnail290.png,,
thumbnail293.png,,
thumbnail294.png,,
thumbnail295.png,,
thumbnail297.png,,
thumbnail298.png,,
thumbnail300.png,,
thumbnail301.png,,
thumbnail302.png,,
thumbnail303.png,,
thumbnail305.png,,
thumbnail306.png,,
thumbnail309.png,,
thumbnail310.png,,
thumbnail311.png,,
thumbnail312.png,,
thumbnail313.png,,
thumbnail314.png,,
thumbnail315.png,,
thumbnail316.png,,
thumbnail317.png,,
thumbnail318.png,,
thumbnail320.png,,
thumbnail321.png,,
thumbnail322.png,,
thumbnail323.png,,
thumbnail324.png,,
thumbnail325.png,,
thumbnail326.png,,
thumbnail327.png,,
thumbnail328.png,,
thumbnail329.png,,
thumbnail331.png,,
thumbnail332.png,,
thumbnail333.png,,
thumbnail334.png,,
thumbnail335.png,,
thumbnail337.png,,
thumbnail338.png,,
thumbnail339.png,,
thumbnail341.png,,
thumbnail342.png,,
thumbnail345.png,,
thumbnail347.png,,
thumbnail348.png,,
thumbnail349.png,,
thumbnail350.png,,
thumbnail351.png,,
thumbnail352.png,,
thumbnail353.png,,
thumbnail354.png,,
thumbnail355.png,,
thumbnail356.png,,
thumbnail357.png,,
thumbnail359.png,,
thumbnail360.png,,
thumbnail361.png,,
thumbnail362.png,,
thumbnail363.png,,
thumbnail364.png,,
thumbnail365.png,,
thumbnail366.png,,
thumbnail367.png,,
thumbnail368.png,,
thumbnail369.png,,
thumbnail370.png,,
thumbnail372.png,,
thumbnail373.png,,
thumbnail375.png,,
thumbnail376.png,,
thumbnail379.png,,
thumbnail380.png,,
thumbnail382.png,,
thumbnail383.png,,
thumbnail384.png,,
thumbnail385.png,,
thumbnail386.png,,
thumbnail387.png,,
thumbnail388.png,,
thumbnail389.png,,
thumbnail393.png,,
thumbnail395.png,,
thumbnail396.png,,
thumbnail397.png,,
thumbnail398.png,,
thumbnail399.png,,
thumbnail401.png,,
thumbnail402.png,,
thumbnail403.png,,
thumbnail404.png,,
thumbnail406.png,,
thumbnail407.png,,
thumbnail408.png,,
thumbnail409.png,,
thumbnail410.png,,
thumbnail411.png,,
thumbnail412.png,,
thumbnail413.png,,
thumbnail415.png,,
thumbnail418.png,,
thumbnail419.png,,
thumbnail420.png,,
thumbnail421.png,,
thumbnail423.png,,
thumbnail425.png,,
thumbnail426.png,,
thumbnail427.png,,
thumbnail428.png,,
thumbnail429.png,,
thumbnail430.png,,
thumbnail431.png,,
thumbnail432.png,,
thumbnail433.png,,
thumbnail434.png,,
thumbnail435.png,,
thumbnail436.png,,
thumbnail437.png,,
thumbnail438.png,,
thumbnail439.png,,
thumbnail440.png,,
thumbnail441.png,,
thumbnail442.png,,
thumbnail443.png,,
thumbnail445.png,,
thumbnail446.png,,
thumbnail447.png,,
thumbnail448.png,,
thumbnail450.png,,
thumbnail451.png,,
thumbnail452.png,,
thumbnail453.png,,
thumbnail454.png,,
thumbnail455.png,,
thumbnail456.png,,
thumbnail457.png,,
thumbnail458.png,,
thumbnail460.png,,
thumbnail461.png,,
thumbnail462.png,,
thumbnail463.png,,
thumbnail464.png,,
thumbnail465.png,,
thumbnail466.png,,
thumbnail467.png,,
thumbnail468.png,,
thumbnail470.png,,
thumbnail471.png,,
thumbnail472.png,,
thumbnail473.png,,
thumbnail474.png,,
thumbnail476.png,,
thumbnail477.png,,
thumbnail478.png,,
thumbnail479.png,,
thumbnail480.png,,
thumbnail481.png,,
thumbnail484.png,,
thumbnail488.png,,
thumbnail489.png,,
thumbnail490.png,,
thumbnail491.png,,
thumbnail492.png,,
thumbnail494.png,,
thumbnail495.png,,
thumbnail497.png,,
thumbnail498.png,,
thumbnail499.png,,
thumbnail500.png,,
thumbnail501.png,,
thumbnail502.png,,
thumbnail503.png,,
thumbnail505.png,,
thumbnail506.png,,
thumbnail507.png,,
thumbnail508.png,,
thumbnail509.png,,
thumbnail511.png,,
thumbnail512.png,,
thumbnail514.png,,
thumbnail515.png,,
thumbnail516.png,,
thumbnail517.png,,
thumbnail518.png,,
thumbnail519.png,,
thumbnail520.png,,
thumbnail521.png,,
thumbnail522.png,,
thumbnail523.png,,
thumbnail524.png,,
thumbnail525.png,,
thumbnail526.png,,
thumbnail527.png,,
thumbnail528.png,,
thumbnail531.png,,
thumbnail533.png,,
thumbnail534.png,,
thumbnail535.png,,
thumbnail536.png,,
thumbnail537.png,,
thumbnail538.png,,
thumbnail540.png,,
thumbnail542.png,,
thumbnail543.png,,
thumbnail546.png,,
thumbnail547.png,,
thumbnail548.png,,
thumbnail549.png,,
thumbnail550.png,,
thumbnail551.png,,
thumbnail552.png,,
thumbnail553.png,,
thumbnail554.png,,
thumbnail555.png,,
thumbnail557.png,,
thumbnail558.png,,
thumbnail559.png,,
thumbnail560.png,,
thumbnail561.png,,
thumbnail563.png,,
thumbnail564.png,,
thumbnail567.png,,
thumbnail568.png,,
thumbnail569.png,,
thumbnail570.png,,
thumbnail571.png,,
thumbnail572.png,,
thumbnail573.png,,
thumbnail574.png,,
thumbnail575.png,,
thumbnail576.png,,
thumbnail577.png,,
thumbnail578.png,,
thumbnail579.png,,
thumbnail580.png,,
thumbnail581.png,,
thumbnail582.png,,
thumbnail583.png,,
thumbnail584.png,,
thumbnail585.png,,
thumbnail586.png,,
thumbnail588.png,,
thumbnail589.png,,
thumbnail591.png,,
thumbnail592.png,,
thumbnail594.png,,
thumbnail595.png,,
thumbnail596.png,,
thumbnail597.png,,
thumbnail598.png,,
thumbnail599.png,,
thumbnail600.png,,
thumbnail603.png,,
thumbnail605.png,,
thumbnail607.png,,
thumbnail608.png,,
thumbnail610.png,,
thumbnail611.png,,
thumbnail614.png,,
thumbnail615.png,,
thumbnail616.png,,
thumbnail617.png,,
thumbnail618.png,,
thumbnail619.png,,
thumbnail620.png,,
thumbnail621.png,,
thumbnail622.png,,
thumbnail624.png,,
thumbnail625.png,,
thumbnail626.png,,
thumbnail627.png,,
thumbnail629.png,,
thumbnail630.png,,
thumbnail631.png,,
thumbnail632.png,,
thumbnail633.png,,
thumbnail634.png,,
thumbnail635.png,,
thumbnail636.png,,
thumbnail637.png,,
thumbnail638.png,,
thumbnail639.png,,
thumbnail640.png,,
thumbnail641.png,,
thumbnail642.png,,
thumbnail643.png,,
thumbnail644.png,,
thumbnail645.png,,
thumbnail646.png,,
thumbnail647.png,,
thumbnail648.png,,
thumbnail649.png,,
thumbnail650.png,,
thumbnail651.png,,
thumbnail652.png,,
thumbnail654.png,,
thumbnail655.png,,
thumbnail656.png,,
thumbnail657.png,,
thumbnail658.png,,
thumbnail659.png,,
thumbnail660.png,,
thumbnail661.png,,
thumbnail662.png,,
thumbnail663.png,,
thumbnail664.png,,
thumbnail665.png,,
thumbnail667.png,,
thumbnail668.png,,
thumbnail669.png,,
thumbnail670.png,,
thumbnail671.png,,
thumbnail674.png,,
thumbnail675.png,,
thumbnail676.png,,
thumbnail677.png,,
thumbnail678.png,,
thumbnail679.png,,
thumbnail681.png,,
thumbnail682.png,,
thumbnail683.png,,
thumbnail684.png,,
thumbnail686.png,,
thumbnail687.png,,
thumbnail688.png,,
thumbnail689.png,,
thumbnail690.png,,
thumbnail691.png,,
thumbnail692.png,,
thumbnail694.png,,
thumbnail695.png,,
thumbnail696.png,,
thumbnail697.png,,
thumbnail698.png,,
thumbnail699.png,,
thumbnail700.png,,
thumbnail701.png,,
thumbnail703.png,,
thumbnail704.png,,
thumbnail706.png,,
thumbnail707.png,,
thumbnail708.png,,
thumbnail710.png,,
thumbnail711.png,,
thumbnail712.png,,
thumbnail714.png,,
thumbnail716.png,,
thumbnail717.png,,
thumbnail718.png,,
thumbnail719.png,,
thumbnail720.png,,
thumbnail884.png,,
thumbnail893.png,,
thumbnail905.png,,
thumbnail919.png,,
thumbnail923.png,,
thumbnail924.png,,
thumbnail930.png,,
thumbnail937.png,,
thumbnail941.png,,
thumbnail964.png,,
thumbnail968.png,,
thumbnail976.png,,
thumbnail981.png,,
thumbnail989.png,,